Time, In, Type, Out, Served, Server, Current Jobs
2.101769092257941, 1, 2, , , , 1
8.014579134890656, , , , 1, 1, 1
8.022700207187984, , , 1, , 3, 0
