Time, In, Type, Out, Served, Server, Current Jobs
0.6796420965206406, 1, 1, , , , 1
3.646511941818813, , , , 1, 2, 1
3.7883511914063237, , , 1, , 3, 0
