Time, In, Type, Out, Served, Server, Current Jobs
1.291695385934902, 1, 3, , , , 1
1.7973063059521746, , , , 1, 2, 1
3.356410551397679, , , 1, , 3, 0
