Time, In, Type, Out, Served, Server, Current Jobs
3.2494974407769517, 1, 1, , , , 1
3.4944245359567034, , , , 1, 2, 1
3.733514586107572, , , 1, , 3, 0
