Time, In, Type, Out, Served, Server, Current Jobs
3.178446389060701, 1, 1, , , , 1
5.287674345995461, , , , 1, 1, 1
5.569724595307045, , , 1, , 3, 0
