Time, In, Type, Out, Served, Server, Current Jobs
0.4845257459306058, 1, 1, , , , 1
1.8472813461502475, , , , 1, 2, 1
2.111795843149051, , , 1, , 3, 0
