Time, In, Type, Out, Served, Server, Current Jobs
3.1969735737086116, 1, 3, , , , 1
9.145437551913547, , , , 1, 1, 1
9.73238260956996, , , 1, , 3, 0
