Time, In, Type, Out, Served, Server, Current Jobs
2.907414331862512, 1, 1, , , , 1
5.09364637578508, , , , 1, 1, 1
6.192760043613526, , , 1, , 3, 0
