Time, In, Type, Out, Served, Server, Current Jobs
2.4578134076359257, 1, 2, , , , 1
5.8634476111699625, , , , 1, 2, 1
6.02285346714492, , , 1, , 3, 0
