Time, In, Type, Out, Served, Server, Current Jobs
3.958151459496768, 1, 1, , , , 1
4.072961088692548, , , , 1, 2, 1
4.179785119515764, , , 1, , 3, 0
