Time, In, Type, Out, Served, Server, Current Jobs
4.389896755010235, 1, 2, , , , 1
6.370734734634624, , , , 1, 2, 1
6.695838201416803, , , 1, , 3, 0
