Time, In, Type, Out, Served, Server, Current Jobs
0.07019191144054507, 1, 2, , , , 1
0.4767932326454328, , , , 1, 2, 1
0.698971685286033, , , 1, , 3, 0
