Time, In, Type, Out, Served, Server, Current Jobs
2.3644301913134163, 1, 1, , , , 1
4.761347822235244, , , , 1, 2, 1
4.812659911015825, , , 1, , 3, 0
