Time, In, Type, Out, Served, Server, Current Jobs
1.5114928138614352, 1, 1, , , , 1
2.346818309903223, , , , 1, 2, 1
2.3775628385496597, , , 1, , 3, 0
