Time, In, Type, Out, Served, Server, Current Jobs
0.9472102593863793, 1, 1, , , , 1
4.326591266185969, , , , 1, 2, 1
4.342875290031554, , , 1, , 3, 0
