Time, In, Type, Out, Served, Server, Current Jobs
0.6196979540330898, 1, 1, , , , 1
2.063382066689692, , , , 1, 2, 1
4.698615286509395, , , 1, , 3, 0
