Time, In, Type, Out, Served, Server, Current Jobs
2.376226911907481, 1, 1, , , , 1
2.461132978913159, , , , 1, 2, 1
3.036861469141944, , , 1, , 3, 0
