Time, In, Type, Out, Served, Server, Current Jobs
3.4805407568518842, 1, 3, , , , 1
3.7897868158473496, , , , 1, 2, 1
4.660610155759674, , , 1, , 3, 0
