Time, In, Type, Out, Served, Server, Current Jobs
4.763379621228423, 1, 1, , , , 1
7.055451217470329, , , , 1, 2, 1
7.829310521757073, , , 1, , 3, 0
