Time, In, Type, Out, Served, Server, Current Jobs
4.83397381292472, 1, 1, , , , 1
7.815405643000134, , , , 1, 2, 1
8.868562231730905, , , 1, , 3, 0
