Time, In, Type, Out, Served, Server, Current Jobs
3.170013079087493, 1, 1, , , , 1
3.263883782435531, , , , 1, 2, 1
4.286500798917717, , , 1, , 3, 0
