Time, In, Type, Out, Served, Server, Current Jobs
2.390382035639606, 1, 1, , , , 1
3.9346589332473085, , , , 1, 1, 1
4.949379938425255, , , 1, , 3, 0
