Time, In, Type, Out, Served, Server, Current Jobs
1.731442542740637, 1, 2, , , , 1
3.0219623612901656, , , , 1, 1, 1
3.060593772887929, , , 1, , 3, 0
