Time, In, Type, Out, Served, Server, Current Jobs
1.8568538298942445, 1, 2, , , , 1
5.85141947555834, , , , 1, 1, 1
6.149445110424525, , , 1, , 3, 0
