Time, In, Type, Out, Served, Server, Current Jobs
1.4177265596082447, 1, 1, , , , 1
1.6634252041364908, , , , 1, 2, 1
1.922459489549774, , , 1, , 3, 0
