Time, In, Type, Out, Served, Server, Current Jobs
4.879119304748052, 1, 1, , , , 1
5.5445696457822535, , , , 1, 1, 1
5.845707365628534, , , 1, , 3, 0
