Time, In, Type, Out, Served, Server, Current Jobs
2.215601019181749, 1, 2, , , , 1
3.398577180764158, , , , 1, 1, 1
5.367604167901264, , , 1, , 3, 0
