Time, In, Type, Out, Served, Server, Current Jobs
3.282894667081359, 1, 3, , , , 1
4.226603339105248, , , , 1, 1, 1
4.3394753315788615, , , 1, , 3, 0
