Time, In, Type, Out, Served, Server, Current Jobs
0.76323639456971, 1, 2, , , , 1
2.4294742104042633, , , , 1, 2, 1
3.6223097899880696, , , 1, , 3, 0
