Time, In, Type, Out, Served, Server, Current Jobs
2.6956692740307213, 1, 1, , , , 1
11.11759637360843, , , , 1, 1, 1
11.15253269345367, , , 1, , 3, 0
