Time, In, Type, Out, Served, Server, Current Jobs
1.9836165899369016, 1, 2, , , , 1
2.7127517711064524, , , , 1, 2, 1
2.8379332728104467, , , 1, , 3, 0
