Time, In, Type, Out, Served, Server, Current Jobs
1.4795854393523942, 1, 1, , , , 1
2.142110949348403, , , , 1, 2, 1
2.5042157528022932, , , 1, , 3, 0
