Time, In, Type, Out, Served, Server, Current Jobs
0.8649961433619704, 1, 2, , , , 1
2.1454831721767893, , , , 1, 2, 1
2.3590406138923026, , , 1, , 3, 0
