Time, In, Type, Out, Served, Server, Current Jobs
3.177496247741763, 1, 1, , , , 1
3.608353563600805, , , , 1, 1, 1
3.840355656488545, , , 1, , 3, 0
