Time, In, Type, Out, Served, Server, Current Jobs
0.08825040130115464, 1, 2, , , , 1
0.18909442131397347, , , , 1, 1, 1
1.780462327267524, , , 1, , 3, 0
