Time, In, Type, Out, Served, Server, Current Jobs
2.600288732071185, 1, 2, , , , 1
3.7914820433192937, , , , 1, 2, 1
4.002937517680051, , , 1, , 3, 0
