Time, In, Type, Out, Served, Server, Current Jobs
2.7367112142698633, 1, 3, , , , 1
8.401266490662731, , , , 1, 1, 1
9.076630969537161, , , 1, , 3, 0
