Time, In, Type, Out, Served, Server, Current Jobs
0.4989949890739337, 1, 1, , , , 1
3.178105158102947, , , , 1, 2, 1
3.576873514946871, , , 1, , 3, 0
