Time, In, Type, Out, Served, Server, Current Jobs
4.7606433544310285, 1, 1, , , , 1
6.902957690319072, , , , 1, 2, 1
7.785245952252392, , , 1, , 3, 0
