Time, In, Type, Out, Served, Server, Current Jobs
4.794774306555205, 1, 2, , , , 1
5.1069184315678005, , , , 1, 2, 1
5.138323324180022, , , 1, , 3, 0
