Time, In, Type, Out, Served, Server, Current Jobs
1.8740237081383886, 1, 1, , , , 1
5.027187524266107, , , , 1, 1, 1
5.766721320075632, , , 1, , 3, 0
