Time, In, Type, Out, Served, Server, Current Jobs
4.509615020845167, 1, 3, , , , 1
10.925340135456233, , , , 1, 2, 1
13.484996571877058, , , 1, , 3, 0
