Time, In, Type, Out, Served, Server, Current Jobs
2.3284149525065194, 1, 2, , , , 1
3.2643999372006376, , , , 1, 2, 1
3.4482449672791895, , , 1, , 3, 0
