Time, In, Type, Out, Served, Server, Current Jobs
0.14999170102102316, 1, 2, , , , 1
1.0133115641776176, , , , 1, 1, 1
1.4927280603720132, , , 1, , 3, 0
