Time, In, Type, Out, Served, Server, Current Jobs
4.455755053322382, 1, 3, , , , 1
8.797732801658235, , , , 1, 1, 1
8.876090876232736, , , 1, , 3, 0
