Time, In, Type, Out, Served, Server, Current Jobs
1.0823395673428355, 1, 1, , , , 1
1.3128858494017344, , , , 1, 2, 1
1.766689828138157, , , 1, , 3, 0
