Time, In, Type, Out, Served, Server, Current Jobs
0.5981313986364328, 1, 3, , , , 1
1.791691744101013, , , , 1, 2, 1
2.0194813274558956, , , 1, , 3, 0
