Time, In, Type, Out, Served, Server, Current Jobs
4.666017965759348, 1, 3, , , , 1
7.288518005457949, , , , 1, 2, 1
8.971062157644054, , , 1, , 3, 0
