Time, In, Type, Out, Served, Server, Current Jobs
4.401262322666262, 1, 2, , , , 1
5.152109440189992, , , , 1, 1, 1
5.348311006864571, , , 1, , 3, 0
