Time, In, Type, Out, Served, Server, Current Jobs
0.7588043649162395, 1, 1, , , , 1
1.783974702280761, , , , 1, 1, 1
2.215212705425193, , , 1, , 3, 0
