Time, In, Type, Out, Served, Server, Current Jobs
1.2645902093192611, 1, 3, , , , 1
1.9034204900265936, , , , 1, 2, 1
2.007727429615288, , , 1, , 3, 0
