Time, In, Type, Out, Served, Server, Current Jobs
4.649738536374989, 1, 2, , , , 1
4.704387896307557, , , , 1, 2, 1
4.8620892454206786, , , 1, , 3, 0
