Time, In, Type, Out, Served, Server, Current Jobs
0.3832740738245868, 1, 1, , , , 1
1.8891276133711017, , , , 1, 2, 1
2.556591505227596, , , 1, , 3, 0
