Time, In, Type, Out, Served, Server, Current Jobs
4.0709321030329475, 1, 1, , , , 1
4.3344362343801075, , , , 1, 1, 1
4.353875368149504, , , 1, , 3, 0
