Time, In, Type, Out, Served, Server, Current Jobs
1.8922638678361388, 1, 2, , , , 1
2.0849140407390276, , , , 1, 1, 1
2.2516969626813625, , , 1, , 3, 0
