Time, In, Type, Out, Served, Server, Current Jobs
3.1645492587362836, 1, 2, , , , 1
5.64599473888233, , , , 1, 1, 1
5.691108127424507, , , 1, , 3, 0
