Time, In, Type, Out, Served, Server, Current Jobs
4.691864425179625, 1, 2, , , , 1
7.817847730648623, , , , 1, 2, 1
8.191654165995786, , , 1, , 3, 0
