Time, In, Type, Out, Served, Server, Current Jobs
0.5995135152698234, 1, 2, , , , 1
2.2387981549530602, , , , 1, 2, 1
3.6007741481416202, , , 1, , 3, 0
