Time, In, Type, Out, Served, Server, Current Jobs
2.9522625783731384, 1, 1, , , , 1
3.0882043771561034, , , , 1, 2, 1
3.531330545204015, , , 1, , 3, 0
