Time, In, Type, Out, Served, Server, Current Jobs
0.36510590825274236, 1, 1, , , , 1
0.8418026789477975, , , , 1, 2, 1
1.1114920346057975, , , 1, , 3, 0
