Time, In, Type, Out, Served, Server, Current Jobs
4.827104964080649, 1, 2, , , , 1
5.278898283139321, , , , 1, 2, 1
5.509647102809291, , , 1, , 3, 0
