Time, In, Type, Out, Served, Server, Current Jobs
4.349580294194924, 1, 1, , , , 1
4.369124064643694, , , , 1, 2, 1
4.571004219420984, , , 1, , 3, 0
