Time, In, Type, Out, Served, Server, Current Jobs
1.327701008356425, 1, 1, , , , 1
2.2060263508958498, , , , 1, 1, 1
3.052867974139979, , , 1, , 3, 0
