Time, In, Type, Out, Served, Server, Current Jobs
0.7140013495964789, 1, 3, , , , 1
2.6307395370785027, , , , 1, 2, 1
2.7054116698736212, , , 1, , 3, 0
