Time, In, Type, Out, Served, Server, Current Jobs
3.342091817471486, 1, 3, , , , 1
3.971886977605983, , , , 1, 1, 1
5.948711691807547, , , 1, , 3, 0
