Time, In, Type, Out, Served, Server, Current Jobs
1.4671403654822195, 1, 1, , , , 1
2.8927881614276814, , , , 1, 1, 1
3.4170566172928516, , , 1, , 3, 0
