Time, In, Type, Out, Served, Server, Current Jobs
1.0571406707349877, 1, 2, , , , 1
4.54342903428967, , , , 1, 1, 1
4.595671502186882, , , 1, , 3, 0
