Time, In, Type, Out, Served, Server, Current Jobs
2.7799377577918545, 1, 2, , , , 1
4.387880403193342, , , , 1, 1, 1
4.576265524161147, , , 1, , 3, 0
