Time, In, Type, Out, Served, Server, Current Jobs
0.3147295118993543, 1, 2, , , , 1
2.8289620426041764, , , , 1, 1, 1
4.476048382759079, , , 1, , 3, 0
