Time, In, Type, Out, Served, Server, Current Jobs
3.6186433306163357, 1, 2, , , , 1
8.173672081713386, , , , 1, 1, 1
9.101359090785609, , , 1, , 3, 0
