Time, In, Type, Out, Served, Server, Current Jobs
1.4818554185979538, 1, 1, , , , 1
4.567281090614764, , , , 1, 1, 1
5.161414674648994, , , 1, , 3, 0
