Time, In, Type, Out, Served, Server, Current Jobs
3.2225385844395493, 1, 1, , , , 1
12.759701835471647, , , , 1, 1, 1
12.848769586224414, , , 1, , 3, 0
