Time, In, Type, Out, Served, Server, Current Jobs
2.3537009928697885, 1, 1, , , , 1
3.0458238841378167, , , , 1, 1, 1
3.1160793166165512, , , 1, , 3, 0
