Time, In, Type, Out, Served, Server, Current Jobs
3.825827704266633, 1, 1, , , , 1
5.8419182427149225, , , , 1, 1, 1
6.072476521547409, , , 1, , 3, 0
