Time, In, Type, Out, Served, Server, Current Jobs
3.102720598862212, 1, 1, , , , 1
4.428569403220405, , , , 1, 1, 1
4.453418275229161, , , 1, , 3, 0
