Time, In, Type, Out, Served, Server, Current Jobs
2.1770107914588293, 1, 2, , , , 1
3.5689378730244234, , , , 1, 1, 1
3.6518117273897075, , , 1, , 3, 0
