Time, In, Type, Out, Served, Server, Current Jobs
3.8501225335685416, 1, 3, , , , 1
4.187460514880839, , , , 1, 1, 1
4.52183390372844, , , 1, , 3, 0
