Time, In, Type, Out, Served, Server, Current Jobs
1.6183643982125884, 1, 1, , , , 1
1.8254086080907317, , , , 1, 2, 1
3.1579779448219885, , , 1, , 3, 0
