Time, In, Type, Out, Served, Server, Current Jobs
0.36617981812059575, 1, 2, , , , 1
3.776707740751805, , , , 1, 1, 1
4.613956054024182, , , 1, , 3, 0
