Time, In, Type, Out, Served, Server, Current Jobs
2.1261783865596406, 1, 2, , , , 1
5.363610599759792, , , , 1, 2, 1
6.752840048995037, , , 1, , 3, 0
