Time, In, Type, Out, Served, Server, Current Jobs
2.2250452884889795, 1, 3, , , , 1
5.930245462423248, , , , 1, 2, 1
10.226249572703862, , , 1, , 3, 0
