Time, In, Type, Out, Served, Server, Current Jobs
4.760743171777603, 1, 2, , , , 1
6.623381441421044, , , , 1, 2, 1
6.8202329953327165, , , 1, , 3, 0
