Time, In, Type, Out, Served, Server, Current Jobs
2.3541855643882266, 1, 3, , , , 1
3.0861343830940666, , , , 1, 2, 1
3.8233497628963735, , , 1, , 3, 0
