Time, In, Type, Out, Served, Server, Current Jobs
0.18379279378331198, 1, 3, , , , 1
1.6114714520306308, , , , 1, 1, 1
2.3686811354480013, , , 1, , 3, 0
