Time, In, Type, Out, Served, Server, Current Jobs
3.65904677387347, 1, 3, , , , 1
6.021221378037812, , , , 1, 2, 1
6.0674636292702075, , , 1, , 3, 0
