Time, In, Type, Out, Served, Server, Current Jobs
1.005650840463433, 1, 1, , , , 1
3.8412551898861986, , , , 1, 2, 1
3.9027442356415323, , , 1, , 3, 0
