Time, In, Type, Out, Served, Server, Current Jobs
0.3965062056816148, 1, 1, , , , 1
1.8061775082076454, , , , 1, 1, 1
2.067685659896768, , , 1, , 3, 0
