Time, In, Type, Out, Served, Server, Current Jobs
1.290693175673429, 1, 1, , , , 1
1.7344190202392424, , , , 1, 2, 1
2.113675569800319, , , 1, , 3, 0
