Time, In, Type, Out, Served, Server, Current Jobs
3.9759748333425087, 1, 2, , , , 1
10.378829968662307, , , , 1, 1, 1
11.317659871400373, , , 1, , 3, 0
