Time, In, Type, Out, Served, Server, Current Jobs
1.4411904207330444, 1, 1, , , , 1
2.6492170700666895, , , , 1, 2, 1
2.9657865697945107, , , 1, , 3, 0
