Time, In, Type, Out, Served, Server, Current Jobs
3.122964869241977, 1, 1, , , , 1
3.212789557173251, , , , 1, 2, 1
3.966979027736156, , , 1, , 3, 0
