Time, In, Type, Out, Served, Server, Current Jobs
3.55791746788746, 1, 2, , , , 1
10.224282684106944, , , , 1, 1, 1
10.743376419209419, , , 1, , 3, 0
