Time, In, Type, Out, Served, Server, Current Jobs
2.3082178310157118, 1, 1, , , , 1
3.118655284028375, , , , 1, 1, 1
3.686317995761979, , , 1, , 3, 0
