Time, In, Type, Out, Served, Server, Current Jobs
3.793427976998663, 1, 1, , , , 1
4.032916506795838, , , , 1, 2, 1
4.242651403162197, , , 1, , 3, 0
