Time, In, Type, Out, Served, Server, Current Jobs
1.971616184778856, 1, 1, , , , 1
12.508292389108192, , , , 1, 1, 1
12.596367906528009, , , 1, , 3, 0
