Time, In, Type, Out, Served, Server, Current Jobs
2.2465825504449035, 1, 1, , , , 1
2.807132627157474, , , , 1, 1, 1
3.643218317939278, , , 1, , 3, 0
