Time, In, Type, Out, Served, Server, Current Jobs
4.6064301710719855, 1, 3, , , , 1
6.997036967333328, , , , 1, 2, 1
8.606756940165749, , , 1, , 3, 0
