Time, In, Type, Out, Served, Server, Current Jobs
4.555326608189075, 1, 1, , , , 1
4.999036084494284, , , , 1, 2, 1
5.059477610417432, , , 1, , 3, 0
