Time, In, Type, Out, Served, Server, Current Jobs
0.6234585696882013, 1, 1, , , , 1
2.6310143637325627, , , , 1, 2, 1
3.428606372803861, , , 1, , 3, 0
