Time, In, Type, Out, Served, Server, Current Jobs
3.8763961035083434, 1, 3, , , , 1
3.881434451422496, , , , 1, 1, 1
4.771848731941287, , , 1, , 3, 0
