Time, In, Type, Out, Served, Server, Current Jobs
4.296134798289691, 1, 1, , , , 1
5.591977619101831, , , , 1, 1, 1
5.793580325271907, , , 1, , 3, 0
