Time, In, Type, Out, Served, Server, Current Jobs
0.9576136088184728, 1, 3, , , , 1
3.446518625481743, , , , 1, 1, 1
5.759851230499269, , , 1, , 3, 0
