Time, In, Type, Out, Served, Server, Current Jobs
1.6341743227310992, 1, 2, , , , 1
3.6346445226065582, , , , 1, 1, 1
3.8354433234682177, , , 1, , 3, 0
