Time, In, Type, Out, Served, Server, Current Jobs
0.9965707746508691, 1, 1, , , , 1
1.4293129934375601, , , , 1, 1, 1
1.9443103597670341, , , 1, , 3, 0
