Time, In, Type, Out, Served, Server, Current Jobs
3.1763962659277096, 1, 1, , , , 1
5.225988076269524, , , , 1, 2, 1
5.404715049159249, , , 1, , 3, 0
