Time, In, Type, Out, Served, Server, Current Jobs
4.6329780471697966, 1, 1, , , , 1
8.853949752944976, , , , 1, 1, 1
8.855520397325884, , , 1, , 3, 0
