Time, In, Type, Out, Served, Server, Current Jobs
0.4911228171360267, 1, 1, , , , 1
5.076958052510821, , , , 1, 1, 1
6.294454996918151, , , 1, , 3, 0
