Time, In, Type, Out, Served, Server, Current Jobs
2.8574719801772273, 1, 3, , , , 1
3.9548619965546443, , , , 1, 1, 1
4.033438674569504, , , 1, , 3, 0
