Time, In, Type, Out, Served, Server, Current Jobs
2.3398720033336398, 1, 3, , , , 1
3.8798970495751153, , , , 1, 1, 1
3.9397148225178387, , , 1, , 3, 0
