Time, In, Type, Out, Served, Server, Current Jobs
4.392616074753984, 1, 2, , , , 1
4.398689527326607, , , , 1, 2, 1
4.642003820431789, , , 1, , 3, 0
