Time, In, Type, Out, Served, Server, Current Jobs
0.9219591436620411, 1, 1, , , , 1
0.9340900460757581, , , , 1, 2, 1
2.9386948611565624, , , 1, , 3, 0
