Time, In, Type, Out, Served, Server, Current Jobs
1.4289518872579068, 1, 3, , , , 1
2.7193424199914555, , , , 1, 2, 1
4.498459547814761, , , 1, , 3, 0
