Time, In, Type, Out, Served, Server, Current Jobs
2.4045355542499585, 1, 1, , , , 1
3.329277444394411, , , , 1, 1, 1
4.137019901951649, , , 1, , 3, 0
