Time, In, Type, Out, Served, Server, Current Jobs
1.467908455504402, 1, 3, , , , 1
2.6655938002108215, , , , 1, 1, 1
3.4729161771483255, , , 1, , 3, 0
