Time, In, Type, Out, Served, Server, Current Jobs
1.1238090371634037, 1, 1, , , , 1
1.1764855079864087, , , , 1, 2, 1
1.4690241209838735, , , 1, , 3, 0
