Time, In, Type, Out, Served, Server, Current Jobs
2.531393713075196, 1, 2, , , , 1
2.9591294456960107, , , , 1, 2, 1
3.6345160055304846, , , 1, , 3, 0
