Time, In, Type, Out, Served, Server, Current Jobs
0.40320175509679934, 1, 2, , , , 1
5.0253850059825655, , , , 1, 1, 1
5.3860915543900845, , , 1, , 3, 0
