Time, In, Type, Out, Served, Server, Current Jobs
1.7961083677951757, 1, 1, , , , 1
1.8711563328810652, , , , 1, 1, 1
1.991309688757197, , , 1, , 3, 0
