Time, In, Type, Out, Served, Server, Current Jobs
2.6776444793073937, 1, 3, , , , 1
6.338526431171829, , , , 1, 2, 1
9.500435295900045, , , 1, , 3, 0
