Time, In, Type, Out, Served, Server, Current Jobs
1.7281468486428506, 1, 2, , , , 1
1.7407825591671677, , , , 1, 1, 1
1.7931013637571422, , , 1, , 3, 0
