Time, In, Type, Out, Served, Server, Current Jobs
4.600694755450622, 1, 1, , , , 1
4.8779250056290575, , , , 1, 1, 1
6.307389478752237, , , 1, , 3, 0
