Time, In, Type, Out, Served, Server, Current Jobs
0.9695184522194714, 1, 1, , , , 1
4.443159680917371, , , , 1, 1, 1
5.695622118567756, , , 1, , 3, 0
