Time, In, Type, Out, Served, Server, Current Jobs
2.268510313430751, 1, 3, , , , 1
2.8683636422329113, , , , 1, 1, 1
3.4071798001491698, , , 1, , 3, 0
