Time, In, Type, Out, Served, Server, Current Jobs
0.21111122134618765, 1, 1, , , , 1
3.390545447998108, , , , 1, 2, 1
3.6485501561564284, , , 1, , 3, 0
