Time, In, Type, Out, Served, Server, Current Jobs
0.8226770963660549, 1, 1, , , , 1
0.876527276017716, , , , 1, 1, 1
1.4196468761358831, , , 1, , 3, 0
