Time, In, Type, Out, Served, Server, Current Jobs
4.1430675019629195, 1, 1, , , , 1
5.730167219208495, , , , 1, 1, 1
5.818056325817976, , , 1, , 3, 0
