Time, In, Type, Out, Served, Server, Current Jobs
0.8026991009529276, 1, 1, , , , 1
1.5385930529801077, , , , 1, 2, 1
1.9850023880062766, , , 1, , 3, 0
