Time, In, Type, Out, Served, Server, Current Jobs
0.3671085776638413, 1, 3, , , , 1
2.4652545399122547, , , , 1, 2, 1
5.794938020787606, , , 1, , 3, 0
