Time, In, Type, Out, Served, Server, Current Jobs
1.9304049253265223, 1, 3, , , , 1
2.874923759752962, , , , 1, 1, 1
5.7054466244068305, , , 1, , 3, 0
