Time, In, Type, Out, Served, Server, Current Jobs
0.8090323387710556, 1, 2, , , , 1
1.6573782064231641, , , , 1, 2, 1
4.192923257881084, , , 1, , 3, 0
