Time, In, Type, Out, Served, Server, Current Jobs
0.37169262714993884, 1, 3, , , , 1
1.0191363534344382, , , , 1, 1, 1
4.456826970069074, , , 1, , 3, 0
