Time, In, Type, Out, Served, Server, Current Jobs
4.613411710310429, 1, 1, , , , 1
4.636476705346443, , , , 1, 2, 1
4.934419647297936, , , 1, , 3, 0
