Time, In, Type, Out, Served, Server, Current Jobs
3.484215437491818, 1, 3, , , , 1
4.258183333638048, , , , 1, 1, 1
4.888527164823343, , , 1, , 3, 0
