Time, In, Type, Out, Served, Server, Current Jobs
0.14493383836886262, 1, 1, , , , 1
3.886295410862345, , , , 1, 2, 1
4.485885718199528, , , 1, , 3, 0
