Time, In, Type, Out, Served, Server, Current Jobs
3.791572291827431, 1, 1, , , , 1
7.767126482736526, , , , 1, 1, 1
8.144312371164773, , , 1, , 3, 0
