Time, In, Type, Out, Served, Server, Current Jobs
0.7383224419531768, 1, 2, , , , 1
3.72397544355936, , , , 1, 1, 1
3.8237272768305104, , , 1, , 3, 0
