Time, In, Type, Out, Served, Server, Current Jobs
2.372302182772657, 1, 1, , , , 1
3.776127113019566, , , , 1, 2, 1
5.599802717298514, , , 1, , 3, 0
