Time, In, Type, Out, Served, Server, Current Jobs
1.7737311880685478, 1, 2, , , , 1
2.6452306032840114, , , , 1, 2, 1
5.026931755613836, , , 1, , 3, 0
