Time, In, Type, Out, Served, Server, Current Jobs
4.764713909427358, 1, 2, , , , 1
6.922042086530112, , , , 1, 1, 1
7.248321358603109, , , 1, , 3, 0
