Time, In, Type, Out, Served, Server, Current Jobs
1.4778969649909186, 1, 3, , , , 1
1.903946117013931, , , , 1, 2, 1
6.9169087336514945, , , 1, , 3, 0
