Time, In, Type, Out, Served, Server, Current Jobs
0.37535790905992983, 1, 1, , , , 1
2.830130917422202, , , , 1, 2, 1
4.0947138473812785, , , 1, , 3, 0
