Time, In, Type, Out, Served, Server, Current Jobs
0.36536015524265963, 1, 2, , , , 1
7.445624321456154, , , , 1, 1, 1
8.05937732555157, , , 1, , 3, 0
