Time, In, Type, Out, Served, Server, Current Jobs
2.2812390596742502, 1, 1, , , , 1
2.667745731574408, , , , 1, 2, 1
2.6874048969415245, , , 1, , 3, 0
