Time, In, Type, Out, Served, Server, Current Jobs
4.567529403538262, 1, 3, , , , 1
9.298527775117432, , , , 1, 1, 1
9.443153965588367, , , 1, , 3, 0
