Time, In, Type, Out, Served, Server, Current Jobs
2.642892097808441, 1, 1, , , , 1
3.0370782439412567, , , , 1, 1, 1
3.6900222430212026, , , 1, , 3, 0
