Time, In, Type, Out, Served, Server, Current Jobs
3.6565744767415977, 1, 3, , , , 1
6.562650345831831, , , , 1, 1, 1
7.500420159796782, , , 1, , 3, 0
