Time, In, Type, Out, Served, Server, Current Jobs
3.498557324135653, 1, 2, , , , 1
4.2709499139478675, , , , 1, 2, 1
4.326514331491097, , , 1, , 3, 0
