Time, In, Type, Out, Served, Server, Current Jobs
0.5091580683577149, 1, 1, , , , 1
2.1077485137340597, , , , 1, 1, 1
2.280629969142882, , , 1, , 3, 0
