Time, In, Type, Out, Served, Server, Current Jobs
2.1121325527955874, 1, 3, , , , 1
2.3445598524363547, , , , 1, 1, 1
5.505974497886708, , , 1, , 3, 0
