Time, In, Type, Out, Served, Server, Current Jobs
0.4509042401252308, 1, 1, , , , 1
2.773718662636199, , , , 1, 1, 1
5.124651507190288, , , 1, , 3, 0
