Time, In, Type, Out, Served, Server, Current Jobs
2.2505380643245023, 1, 1, , , , 1
3.468778727635649, , , , 1, 2, 1
4.118495054662474, , , 1, , 3, 0
