Time, In, Type, Out, Served, Server, Current Jobs
0.9033385130028073, 1, 2, , , , 1
2.5940308436652955, , , , 1, 1, 1
2.8375002969636682, , , 1, , 3, 0
