Time, In, Type, Out, Served, Server, Current Jobs
1.4646888689223914, 1, 3, , , , 1
4.040146833787942, , , , 1, 2, 1
6.145002452524913, , , 1, , 3, 0
