Time, In, Type, Out, Served, Server, Current Jobs
2.03730190863841, 1, 3, , , , 1
2.7142306505851983, , , , 1, 1, 1
4.018243095522355, , , 1, , 3, 0
