Time, In, Type, Out, Served, Server, Current Jobs
4.308516638270382, 1, 2, , , , 1
4.946525469774092, , , , 1, 2, 1
5.035599071390527, , , 1, , 3, 0
