Time, In, Type, Out, Served, Server, Current Jobs
3.339596300146387, 1, 2, , , , 1
5.69173892654901, , , , 1, 1, 1
6.390114161954119, , , 1, , 3, 0
