Time, In, Type, Out, Served, Server, Current Jobs
3.859444854104346, 1, 1, , , , 1
9.876586681437772, , , , 1, 1, 1
11.477080923267659, , , 1, , 3, 0
