Time, In, Type, Out, Served, Server, Current Jobs
0.3203169335605235, 1, 1, , , , 1
1.8438137753760269, , , , 1, 2, 1
3.405164700734566, , , 1, , 3, 0
