Time, In, Type, Out, Served, Server, Current Jobs
3.4717751391992313, 1, 3, , , , 1
7.399162833646323, , , , 1, 2, 1
8.489593307309626, , , 1, , 3, 0
