Time, In, Type, Out, Served, Server, Current Jobs
3.593423429780521, 1, 1, , , , 1
5.08649316534772, , , , 1, 1, 1
5.610130468810953, , , 1, , 3, 0
