Time, In, Type, Out, Served, Server, Current Jobs
0.19449175872904892, 1, 1, , , , 1
2.603071290590967, , , , 1, 2, 1
3.0705043485960206, , , 1, , 3, 0
