Time, In, Type, Out, Served, Server, Current Jobs
4.679316135489805, 1, 1, , , , 1
5.4185209667615855, , , , 1, 2, 1
6.606750707376559, , , 1, , 3, 0
