Time, In, Type, Out, Served, Server, Current Jobs
0.31967316586185857, 1, 1, , , , 1
2.353236697507927, , , , 1, 2, 1
2.7875891628672274, , , 1, , 3, 0
