Time, In, Type, Out, Served, Server, Current Jobs
1.2894955358331577, 1, 1, , , , 1
4.114744430101654, , , , 1, 1, 1
4.966978007630714, , , 1, , 3, 0
