Time, In, Type, Out, Served, Server, Current Jobs
3.5472067404077086, 1, 1, , , , 1
4.500384917089571, , , , 1, 2, 1
5.509568240949493, , , 1, , 3, 0
