Time, In, Type, Out, Served, Server, Current Jobs
1.5794127644592488, 1, 3, , , , 1
2.8135629612879662, , , , 1, 2, 1
2.9191828560288475, , , 1, , 3, 0
