Time, In, Type, Out, Served, Server, Current Jobs
2.828237780698305, 1, 1, , , , 1
4.1845879772967605, , , , 1, 2, 1
4.287926696239049, , , 1, , 3, 0
