Time, In, Type, Out, Served, Server, Current Jobs
4.859343044286625, 1, 1, , , , 1
5.722896506012715, , , , 1, 2, 1
6.157604963311626, , , 1, , 3, 0
