Time, In, Type, Out, Served, Server, Current Jobs
4.951736598338562, 1, 2, , , , 1
5.508251830221027, , , , 1, 2, 1
6.727701042435181, , , 1, , 3, 0
