Time, In, Type, Out, Served, Server, Current Jobs
2.7140236004807248, 1, 1, , , , 1
2.7639519472300624, , , , 1, 2, 1
3.1945842826302253, , , 1, , 3, 0
