Time, In, Type, Out, Served, Server, Current Jobs
0.14641769389587128, 1, 1, , , , 1
2.4276388217522205, , , , 1, 2, 1
2.6912900734485667, , , 1, , 3, 0
