Time, In, Type, Out, Served, Server, Current Jobs
3.733079458014505, 1, 1, , , , 1
4.514759856969841, , , , 1, 2, 1
4.7372565463024605, , , 1, , 3, 0
