Time, In, Type, Out, Served, Server, Current Jobs
0.03880351042994484, 1, 2, , , , 1
1.85980292838391, , , , 1, 2, 1
2.364036863384016, , , 1, , 3, 0
