Time, In, Type, Out, Served, Server, Current Jobs
4.437721257262454, 1, 1, , , , 1
6.6965230268635985, , , , 1, 2, 1
7.651100555445743, , , 1, , 3, 0
