Time, In, Type, Out, Served, Server, Current Jobs
1.3540442386657598, 1, 1, , , , 1
3.7612676757203607, , , , 1, 2, 1
4.793665264075987, , , 1, , 3, 0
