Time, In, Type, Out, Served, Server, Current Jobs
4.765745633721181, 1, 2, , , , 1
5.848581504629577, , , , 1, 2, 1
6.934027556501323, , , 1, , 3, 0
