Time, In, Type, Out, Served, Server, Current Jobs
0.6171600699958211, 1, 3, , , , 1
2.57252232576159, , , , 1, 2, 1
2.764036955654778, , , 1, , 3, 0
