Time, In, Type, Out, Served, Server, Current Jobs
0.9567089707017642, 1, 1, , , , 1
1.4692675956319083, , , , 1, 2, 1
1.8076006961795976, , , 1, , 3, 0
