Time, In, Type, Out, Served, Server, Current Jobs
4.585274829690514, 1, 2, , , , 1
4.601634974054303, , , , 1, 2, 1
4.852841624924804, , , 1, , 3, 0
