Time, In, Type, Out, Served, Server, Current Jobs
2.676137131921034, 1, 3, , , , 1
3.680378999028988, , , , 1, 1, 1
4.03223659577931, , , 1, , 3, 0
