Time, In, Type, Out, Served, Server, Current Jobs
2.186678503212659, 1, 1, , , , 1
2.3109026160368984, , , , 1, 1, 1
2.4511137554914613, , , 1, , 3, 0
