Time, In, Type, Out, Served, Server, Current Jobs
2.407155073339017, 1, 3, , , , 1
3.905577338063737, , , , 1, 2, 1
4.062783741056258, , , 1, , 3, 0
