Time, In, Type, Out, Served, Server, Current Jobs
1.1870480803969545, 1, 1, , , , 1
3.7148743544775713, , , , 1, 1, 1
5.30636215676132, , , 1, , 3, 0
