Time, In, Type, Out, Served, Server, Current Jobs
2.460906536787765, 1, 1, , , , 1
3.831269776177442, , , , 1, 2, 1
5.027782500980771, , , 1, , 3, 0
