Time, In, Type, Out, Served, Server, Current Jobs
2.389677545123261, 1, 2, , , , 1
3.5730798453708, , , , 1, 1, 1
4.361478912239732, , , 1, , 3, 0
