Time, In, Type, Out, Served, Server, Current Jobs
1.3370798847233116, 1, 3, , , , 1
5.601693169445005, , , , 1, 1, 1
5.815198909481077, , , 1, , 3, 0
