Time, In, Type, Out, Served, Server, Current Jobs
2.108224724010875, 1, 2, , , , 1
3.3497797051772706, , , , 1, 2, 1
5.567057583009169, , , 1, , 3, 0
