Time, In, Type, Out, Served, Server, Current Jobs
1.324780105582882, 1, 1, , , , 1
3.307185269237043, , , , 1, 2, 1
3.467327892837069, , , 1, , 3, 0
