Time, In, Type, Out, Served, Server, Current Jobs
4.716973644741213, 1, 2, , , , 1
5.866825258226368, , , , 1, 2, 1
6.250125222327546, , , 1, , 3, 0
