Time, In, Type, Out, Served, Server, Current Jobs
1.9531877678634741, 1, 3, , , , 1
9.783580206089676, , , , 1, 1, 1
12.578761961100456, , , 1, , 3, 0
