Time, In, Type, Out, Served, Server, Current Jobs
1.2119609493000316, 1, 1, , , , 1
1.4598286506185263, , , , 1, 2, 1
1.82125874316707, , , 1, , 3, 0
