Time, In, Type, Out, Served, Server, Current Jobs
0.28573017352586083, 1, 1, , , , 1
0.5994466532273811, , , , 1, 2, 1
1.0819526834181525, , , 1, , 3, 0
