Time, In, Type, Out, Served, Server, Current Jobs
4.972521483384965, 1, 2, , , , 1
5.265689800516223, , , , 1, 2, 1
5.662968161994653, , , 1, , 3, 0
