Time, In, Type, Out, Served, Server, Current Jobs
2.0101790508402373, 1, 1, , , , 1
2.6008494003691585, , , , 1, 1, 1
2.8503892595713265, , , 1, , 3, 0
