Time, In, Type, Out, Served, Server, Current Jobs
2.5137340021571006, 1, 2, , , , 1
8.632049158708949, , , , 1, 1, 1
9.673013231012522, , , 1, , 3, 0
