Time, In, Type, Out, Served, Server, Current Jobs
4.199975617350348, 1, 3, , , , 1
7.205029127198744, , , , 1, 2, 1
7.484662732202423, , , 1, , 3, 0
