Time, In, Type, Out, Served, Server, Current Jobs
1.7389847623925538, 1, 1, , , , 1
2.7237447684736287, , , , 1, 1, 1
3.2434332904560623, , , 1, , 3, 0
