Time, In, Type, Out, Served, Server, Current Jobs
3.1965433545928943, 1, 1, , , , 1
4.215469838753998, , , , 1, 1, 1
5.808488863837376, , , 1, , 3, 0
