Time, In, Type, Out, Served, Server, Current Jobs
4.299507245583371, 1, 3, , , , 1
5.890487423844046, , , , 1, 1, 1
10.495391474721263, , , 1, , 3, 0
