Time, In, Type, Out, Served, Server, Current Jobs
0.5318414078329817, 1, 1, , , , 1
0.8661387424585119, , , , 1, 2, 1
0.9915027268813689, , , 1, , 3, 0
