Time, In, Type, Out, Served, Server, Current Jobs
0.12427309730301037, 1, 2, , , , 1
0.7155277382482254, , , , 1, 2, 1
1.3064323506988558, , , 1, , 3, 0
