Time, In, Type, Out, Served, Server, Current Jobs
1.911621346152977, 1, 1, , , , 1
2.560489543356897, , , , 1, 2, 1
2.6027176773344864, , , 1, , 3, 0
