Time, In, Type, Out, Served, Server, Current Jobs
3.2632934678161, 1, 1, , , , 1
3.39240395479816, , , , 1, 2, 1
4.196938832570582, , , 1, , 3, 0
