Time, In, Type, Out, Served, Server, Current Jobs
3.7367618513303658, 1, 1, , , , 1
3.989074419558533, , , , 1, 1, 1
4.368726337855024, , , 1, , 3, 0
