Time, In, Type, Out, Served, Server, Current Jobs
0.13540493699949452, 1, 3, , , , 1
0.3050790140854922, , , , 1, 2, 1
0.7347552705743089, , , 1, , 3, 0
