Time, In, Type, Out, Served, Server, Current Jobs
3.827516817329619, 1, 2, , , , 1
4.464973625864043, , , , 1, 2, 1
5.467380698426863, , , 1, , 3, 0
