Time, In, Type, Out, Served, Server, Current Jobs
4.69555386199695, 1, 3, , , , 1
6.115109228310416, , , , 1, 1, 1
6.624928595551732, , , 1, , 3, 0
