Time, In, Type, Out, Served, Server, Current Jobs
2.718244236033159, 1, 3, , , , 1
9.987371782170692, , , , 1, 2, 1
10.222971815756775, , , 1, , 3, 0
