Time, In, Type, Out, Served, Server, Current Jobs
0.4166150685369441, 1, 1, , , , 1
1.7233756134423066, , , , 1, 1, 1
2.076761815182638, , , 1, , 3, 0
