Time, In, Type, Out, Served, Server, Current Jobs
3.9213065902928648, 1, 1, , , , 1
8.129559430560771, , , , 1, 2, 1
8.20426381823367, , , 1, , 3, 0
