Time, In, Type, Out, Served, Server, Current Jobs
3.264470954359619, 1, 3, , , , 1
3.5828746812663423, , , , 1, 1, 1
3.8087605805934976, , , 1, , 3, 0
