Time, In, Type, Out, Served, Server, Current Jobs
1.1277100585618725, 1, 1, , , , 1
1.532514497297429, , , , 1, 2, 1
2.0650514823191104, , , 1, , 3, 0
