Time, In, Type, Out, Served, Server, Current Jobs
1.0875594148930192, 1, 1, , , , 1
9.466044691014174, , , , 1, 1, 1
10.09151625560405, , , 1, , 3, 0
