Time, In, Type, Out, Served, Server, Current Jobs
4.991780917764668, 1, 1, , , , 1
5.379286472098877, , , , 1, 2, 1
5.431467509950193, , , 1, , 3, 0
