Time, In, Type, Out, Served, Server, Current Jobs
2.7575654034314696, 1, 2, , , , 1
4.983918185621424, , , , 1, 2, 1
6.627789916487685, , , 1, , 3, 0
