Time, In, Type, Out, Served, Server, Current Jobs
0.20275702417613733, 1, 2, , , , 1
2.0035008174643854, , , , 1, 2, 1
2.0741506010668544, , , 1, , 3, 0
