Time, In, Type, Out, Served, Server, Current Jobs
2.8845583596283877, 1, 1, , , , 1
6.299085761405092, , , , 1, 1, 1
6.991221069834761, , , 1, , 3, 0
