Time, In, Type, Out, Served, Server, Current Jobs
1.0986306130089156, 1, 2, , , , 1
1.8332796240439209, , , , 1, 2, 1
2.105237276776027, , , 1, , 3, 0
