Time, In, Type, Out, Served, Server, Current Jobs
0.08446512111595735, 1, 2, , , , 1
0.5791220141047786, , , , 1, 1, 1
1.155843908223936, , , 1, , 3, 0
