Time, In, Type, Out, Served, Server, Current Jobs
0.01759172941167859, 1, 3, , , , 1
3.734531362144021, , , , 1, 2, 1
5.418258325138811, , , 1, , 3, 0
