Time, In, Type, Out, Served, Server, Current Jobs
0.02701575348748569, 1, 1, , , , 1
10.23213430593535, , , , 1, 1, 1
10.479433370152359, , , 1, , 3, 0
