Time, In, Type, Out, Served, Server, Current Jobs
1.3212231293131953, 1, 2, , , , 1
2.2016459245169884, , , , 1, 1, 1
2.5764339544783255, , , 1, , 3, 0
