Time, In, Type, Out, Served, Server, Current Jobs
4.7869035881173, 1, 1, , , , 1
4.961503914531162, , , , 1, 1, 1
5.161125692232212, , , 1, , 3, 0
