Time, In, Type, Out, Served, Server, Current Jobs
1.5944746400530008, 1, 2, , , , 1
5.1645818164070345, , , , 1, 1, 1
6.212152048994031, , , 1, , 3, 0
