Time, In, Type, Out, Served, Server, Current Jobs
1.7230999768618944, 1, 3, , , , 1
3.7403599588923413, , , , 1, 2, 1
3.853177953374461, , , 1, , 3, 0
