Time, In, Type, Out, Served, Server, Current Jobs
0.2585416389648836, 1, 2, , , , 1
2.260994324977818, , , , 1, 2, 1
4.769432577702772, , , 1, , 3, 0
