Time, In, Type, Out, Served, Server, Current Jobs
3.575226592204251, 1, 2, , , , 1
4.910885750028365, , , , 1, 1, 1
5.357183163521473, , , 1, , 3, 0
