Time, In, Type, Out, Served, Server, Current Jobs
2.5026760929534095, 1, 3, , , , 1
3.8967164451181224, , , , 1, 1, 1
4.769241373687638, , , 1, , 3, 0
