Time, In, Type, Out, Served, Server, Current Jobs
0.5702046952486496, 1, 3, , , , 1
1.6591219405877644, , , , 1, 1, 1
3.222898135446733, , , 1, , 3, 0
