Time, In, Type, Out, Served, Server, Current Jobs
3.1483110605031155, 1, 3, , , , 1
5.098463065607534, , , , 1, 1, 1
5.652067399707323, , , 1, , 3, 0
