Time, In, Type, Out, Served, Server, Current Jobs
0.8203471131495954, 1, 2, , , , 1
2.250529525745449, , , , 1, 2, 1
2.451222444601037, , , 1, , 3, 0
