Time, In, Type, Out, Served, Server, Current Jobs
2.4707660438057926, 1, 3, , , , 1
7.178717324097595, , , , 1, 1, 1
7.235759663858627, , , 1, , 3, 0
