Time, In, Type, Out, Served, Server, Current Jobs
4.92750982821407, 1, 2, , , , 1
6.053604794798786, , , , 1, 2, 1
6.778799298724865, , , 1, , 3, 0
