Time, In, Type, Out, Served, Server, Current Jobs
3.0258827033655695, 1, 3, , , , 1
7.3860432892755945, , , , 1, 2, 1
8.88495364433808, , , 1, , 3, 0
