Time, In, Type, Out, Served, Server, Current Jobs
3.77577849637047, 1, 1, , , , 1
6.537570140584719, , , , 1, 2, 1
6.856136118706105, , , 1, , 3, 0
