Time, In, Type, Out, Served, Server, Current Jobs
2.3519129302345485, 1, 1, , , , 1
4.321617250069164, , , , 1, 2, 1
4.590374043869601, , , 1, , 3, 0
