Time, In, Type, Out, Served, Server, Current Jobs
3.5693710447003313, 1, 3, , , , 1
5.272396372307518, , , , 1, 2, 1
5.3160833235340075, , , 1, , 3, 0
