Time, In, Type, Out, Served, Server, Current Jobs
1.6431154179271117, 1, 2, , , , 1
2.977393627027491, , , , 1, 1, 1
4.917597905455083, , , 1, , 3, 0
