Time, In, Type, Out, Served, Server, Current Jobs
4.791913809680047, 1, 3, , , , 1
6.769661088193876, , , , 1, 2, 1
7.877593726207221, , , 1, , 3, 0
