Time, In, Type, Out, Served, Server, Current Jobs
2.2184228309441583, 1, 2, , , , 1
4.154704421600184, , , , 1, 1, 1
4.210077907825858, , , 1, , 3, 0
