Time, In, Type, Out, Served, Server, Current Jobs
0.8705095534466329, 1, 2, , , , 1
3.561675743223305, , , , 1, 2, 1
4.208598210707579, , , 1, , 3, 0
