Time, In, Type, Out, Served, Server, Current Jobs
2.899452813384324, 1, 2, , , , 1
3.091918101681593, , , , 1, 2, 1
4.34673786705252, , , 1, , 3, 0
