Time, In, Type, Out, Served, Server, Current Jobs
3.184332660026954, 1, 1, , , , 1
5.733291490893529, , , , 1, 1, 1
6.016380985239163, , , 1, , 3, 0
