Time, In, Type, Out, Served, Server, Current Jobs
2.3394006471917788, 1, 3, , , , 1
4.5423859215443505, , , , 1, 1, 1
4.7344035454866376, , , 1, , 3, 0
