Time, In, Type, Out, Served, Server, Current Jobs
2.4300429921844047, 1, 2, , , , 1
2.7696583678053845, , , , 1, 1, 1
2.791715782284892, , , 1, , 3, 0
