Time, In, Type, Out, Served, Server, Current Jobs
2.90400887578358, 1, 1, , , , 1
4.101275104122844, , , , 1, 1, 1
6.395517847136989, , , 1, , 3, 0
