Time, In, Type, Out, Served, Server, Current Jobs
4.561058987912966, 1, 1, , , , 1
4.6393913226166354, , , , 1, 1, 1
5.263189009798329, , , 1, , 3, 0
