Time, In, Type, Out, Served, Server, Current Jobs
1.31841604746321, 1, 3, , , , 1
3.010070035881998, , , , 1, 1, 1
3.0921797722472446, , , 1, , 3, 0
